[
  {
    "type": "mapgen",
    "method": "json",
    "nested_mapgen_id": "pd_main",
    "object": {
      "mapgensize": [ 24, 24 ],
      "rows": [
        "wwwwwwwwwww..wwwwwwwwwww",
        "wwwwwwwwwww..wwwwwwwwwww",
        ".............wwwwwwwwwww",
        "....l........wwwwwwwwwww",
        "wwwwwwwwwww..wwwwwwwwwww",
        "wwwwwwwwwwwl.wwwwwwwwwww",
        "wwwwwwwwwww...........ww",
        "wwwwwwwwwww......l....ww",
        "wwwwwwwwwww..wwwwwww..ww",
        "wwwwwwwwwww..wwwwwww..ww",
        "wwwwwwwwwww..wwwwwww..ww",
        "..................l.....",
        ".....l..................",
        "................l.......",
        "wwwwwwwwwww..wwwwwww..ww",
        "wwwwwwwwwww..wwwwwww..ww",
        "wwwwwwwwwww..wwwwwww..ww",
        "wwwwwwwwwww..wwwwwww..ww",
        "wwwwwwwwwww..wwwwwww..ww",
        "wwwwwwwwwwwl.wwwwwww..ww",
        "wwwwwwwwwww..wwwwwww..ww",
        "wwwwwwwwwww...........ww",
        "wwwwwwwwwww......l....ww",
        "wwwwwwwwwww..wwwwwww..ww"
      ],
	"flags": [ "ERASE_ALL_BEFORE_PLACING_TERRAIN" ],
      "palettes": [ "backrooms_palette_zero" ]
    }
  },
{
    "type": "mapgen",
    "method": "json",
    "nested_mapgen_id": "pd_main2",
    "object": {
      "mapgensize": [ 24, 24 ],
      "rows": [
        "wwwwwwwwwww..wwwwwwwwwww",
        "wwwwwwwwwww..wwwwwwwwwww",
        "wwwwwwwwwww..wwwwwwwwwww",
        "wwwwwwwwwww..wwwwwwwwwww",
        "wwwwwwwwwww.lwwwwwwwwwww",
        "wwwwwwwwwww..wwwwwwwwwww",
        "....l...................",
        "wwwwwwwwwww..wwwwwwwwwww",
        "wwwwwwwwwww..wwwwwwwwwww",
        "wwwwwwwwwww..wwwwwwwwwww",
        "wwwwwwwwwww..wwwwwwwwwww",
        "..................l.....",
        ".....l..................",
        "wwwwwwwwwww..wwwwwwwwwww",
        "wwwwwwwwwww..wwwwwwwwwww",
        "wwwwwwwwwww..wwwwwwwwwww",
        "wwwwwwwwwww..wwwwwwwwwww",
        "wwwwwwwwwww..wwwwwwwwwww",
        "...l................l...",
        "wwwwwwwwwwwl.wwwwwwwwwww",
        "wwwwwwwwwww..wwwwwwwwwww",
        "wwwwwwwwwww..wwwwwwwwwww",
        "wwwwwwwwwww..wwwwwwwwwww",
        "wwwwwwwwwww.lwwwwwwwwwww"
      ],
	"flags": [ "ERASE_ALL_BEFORE_PLACING_TERRAIN" ],
      "palettes": [ "backrooms_palette_zero" ]
    }
  },
{
    "type": "mapgen",
    "method": "json",
    "nested_mapgen_id": "pd_main3",
    "object": {
      "mapgensize": [ 24, 24 ],
      "rows": [
        "wwww..wwwww..wwwwwwwwwww",
        "wwww..wwwww..wwwwwwwwwww",
        "wwww..wwwww..wwwwwwwwwww",
        "wwww..wwwww..wwwwwwwwwww",
        "wwww..wwwww.lwwwwwwwwwww",
        "wwwwl.wwwww..wwwwwwwwwww",
        "wwww..wwwww..........l..",
        "wwww..wwwww..wwwwwwwwwww",
        "wwww..wwwww..wwwwwwwwwww",
        "wwww..wwwww..wwwwwwwwwww",
        "wwww..wwwww..wwwwwwwwwww",
        "..................l.....",
        ".....l..................",
        "wwwwwwwwwww..wwwwwwwwwww",
        "wwwwwwwwwww..wwwwwwwwwww",
        "wwwwwwwwwww..wwwwwwwwwww",
        "wwwwwwwwwww..wwwwwwwwwww",
        "wwwwwwwwwww..wwwwwwwwwww",
        "wwwwwwwwwww..wwwwwwwwwww",
        "wwwwwwwwwwwl.wwwwwwwwwww",
        "wwwwwwwwwww..wwwwwwwwwww",
        "wwwwwwwwwww..wwwwwwwwwww",
        "....l........wwwwwwwwwww",
        "wwwwwwwwwww..wwwwwwwwwww"
      ],
	"flags": [ "ERASE_ALL_BEFORE_PLACING_TERRAIN" ],
      "palettes": [ "backrooms_palette_zero" ]
    }
  },
{
    "type": "mapgen",
    "method": "json",
    "nested_mapgen_id": "pd_main4",
    "object": {
      "mapgensize": [ 24, 24 ],
      "rows": [
        "wwwwwwwwwww...wwwwwwwwww",
        "wwwwwwwwwww...wwwwwwwwww",
        "wwwwwwwwwww...wwwwwwwwww",
        "wwwwwwwwwww...wwwwwwwwww",
        "wwwwwwwwwww.l.wwwwwwwwww",
        "wwwwwwwwwww...wwwwwwwwww",
        "wwwwwwwwwww...wwwwwwwwww",
        "wwwwwwwwwww...wwwwwwwwww",
        "wwwwwwwwwww...wwwwwwwwww",
        "wwwwwwwwwww...wwwwwwwwww",
        "wwwwwwwwwww...wwwwwwwwww",
        "wwwwwwwwwww..lwwwwwwwwww",
        "wwwwwwwwwww...wwwwwwwwww",
        "wwwwwwwwwww...wwwwwwwwww",
        "wwwwwwwwwww...wwwwwwwwww",
        "wwwwwwwwwww...wwwwwwwwww",
        "wwwwwwwwwww...wwwwwwwwww",
        "wwwwwwwwwww...wwwwwwwwww",
        "wwwwwwwwwww...wwwwwwwwww",
        "wwwwwwwwwwwl..wwwwwwwwww",
        "wwwwwwwwwww...wwwwwwwwww",
        "wwwwwwwwwww...wwwwwwwwww",
        "wwwwwwwwwww...wwwwwwwwww",
        "wwwwwwwwwww...wwwwwwwwww"
      ],
	"flags": [ "ERASE_ALL_BEFORE_PLACING_TERRAIN" ],
      "palettes": [ "backrooms_palette_zero" ]
    }
  }
]