[
  {
    "//": "bitten by a hound",
    "type": "effect_type",
    "id": "hound_virus",
    "name": [ "hound bite", "hound contagion", "hound contagion" ],
    "desc": [
      "You've got a painful bite from a hound.  You know how this ends.",
      "The area around your hound bite is festering and red, and you're feeling hot and cold at once.",
      "Everything's so dark.  You can feel it, you don't have much time left."
    ],
    "apply_message": "You've been bitten.  It's bad.",
    "death_msg": "You succumb to your hound bite.",
    "apply_memorial_log": "Died of the hound virus.",
    "chance_kill": [ [ -1, 1000000 ], [ -1, 100000 ], [ 1, 100000 ] ],
    "death_event": "dies_of_infection",
    "max_intensity": 3,
    "int_add_val": 1,
    "int_decay_step": 1,
    "int_decay_tick": 1,
    "rating": "bad",
    "show_intensity": false,
    "base_mods": { "pain_chance": [ -10, -10 ], "pain_chance_bot": [ 1000, 10000 ], "pain_min": [ 1, 0 ], "pain_max": [ 5, 1 ] },
    "scaling_mods": {
      "pain_chance": [ 5.5, 3.5 ],
      "pain_chance_bot": [ 1, 5 ],
      "int_mod": [ 0, -1 ],
      "per_mod": [ 0, -1 ],
      "dex_mod": [ -1, -2 ],
      "str_mod": [ -1, -2 ],
      "speed_mod": [ -5, -25 ]
    }
  }
]
