[
	{
"id": "mon_hound",
    "type": "MONSTER",
    "name": { "str": "Hound" },
    "description": "Hounds are humanoid entities with unkempt black hair on their heads and large mouths filled with sharp teeth. They have long bony limbs, sharp claws, have eyes that are fully white, lacking irises or pupils and walk on all-fours like a dog, hence their name. They are some of the more common hostile entities found in many levels of the Backrooms but are less common in the deeper levels. They are extremely dangerous and become agitated when they see someone in a hostile state.",
    "default_faction": "entities",
    "categories": [ "ENTITIE" ],
    "species": [ "ENTITIE" ],
    "volume": "62500 ml",
    "weight": "81500 g",
    "hp": 500,
    "speed": 110,
    "material": [ "flesh" ],
    "symbol": "H",
    "color": "pink",
    "aggression": 100,
    "morale": 300,
    "aggro_character": true,
    "melee_skill": 6,
    "melee_dice": 4,
    "melee_dice_sides": 6,
    "melee_damage": [ { "damage_type": "cut", "amount": 20 } ],
	"special_attacks": [ { "type": "bite" } ],
	"attack_effs": [ { "id": "hound_virus", "duration": 400000, "chance": 100 } ],
    "dodge": 3,
    "armor_bash": 2,
    "armor_elec": 1,
    "vision_day": 10,
    "vision_night": 10,
    "anger_triggers": [ "PLAYER_CLOSE", "STALK" ],
    "fear_triggers": [ "FIRE" ],
    "flags": [ "SEES", "HEARS", "PATH_AVOID_DANGER_1", "WARM", "BASHES" ]
	}
]
