[
  {
    "type": "mod_tileset",
    "compatibility": [ "Chibi_Ultica" ],
    "tiles-new": [
      {
        "file": "tiles/tiles3.png",
        "tiles":
        [
          {
            "id": "mon_adult_faceling1",
            "fg": 0,
            "rotates": false
          },
		  {
            "id": "mon_adult_faceling2",
            "fg": 1,
            "rotates": false
		},
		{
            "id": "mon_adult_faceling3",
            "fg": 2,
            "rotates": false
          },
		  {
            "id": "mon_adult_faceling4",
            "fg": 3,
            "rotates": false
		},
		  {
            "id": "mon_adult_faceling5",
            "fg": 4,
            "rotates": false
		},
		  {
            "id": "mon_adult_faceling6",
            "fg": 5,
            "rotates": false
		},
		  {
            "id": "mon_adult_faceling7",
            "fg": 6,
            "rotates": false
		},
		  {
            "id": "mon_adult_faceling8",
            "fg": 7,
            "rotates": false
		}
        ]
      }
    ]
  }
]

