[
  {
    "type": "mapgen",
    "method": "json",
   "om_terrain": [ "level_one" ],
    "object": {
      "fill_ter": "t_thconc_floor",
	"rotation": [ 0, 4 ],
      "rows": [
        "........................",
        "........................",
        "........................",
        "........................",
        "........................",
        "........................",
        "........................",
        "........................",
        "........................",
        "........................",
        "........................",
        "........................",
        "........................",
        "........................",
        "........................",
        "........................",
        "........................",
        "........................",
        "........................",
        "........................",
        "........................",
        "........................",
        "........................",
        "........................"
      ]
	}
	}
]