[
  {
    "id": "faceling",
    "type": "harvest",
    "entries": [      { "drop": "skull_human", "type": "bone", "scale_num": [ 1, 1 ], "max": 1 },
      { "drop": "human_flesh", "type": "flesh", "mass_ratio": 0.2 },
      { "drop": "human_meat_scrap", "type": "flesh", "mass_ratio": 0.02 },
      { "drop": "hstomach", "scale_num": [ 1, 1 ], "max": 1, "type": "offal" },
      { "drop": "human_liver", "type": "offal", "mass_ratio": 0.01 },
      { "drop": "human_lung", "type": "flesh", "mass_ratio": 0.0035 },
      { "drop": "human_brain", "type": "flesh", "mass_ratio": 0.005 },
      { "drop": "human_sweetbread", "type": "flesh", "mass_ratio": 0.002 },
      { "drop": "human_kidney", "type": "offal", "mass_ratio": 0.002 },
      { "drop": "human_fat", "type": "flesh", "mass_ratio": 0.1 },
      { "drop": "blood", "type": "blood", "mass_ratio": 0.1 },
      { "drop": "bone_human", "type": "bone", "mass_ratio": 0.12 },
      { "drop": "human_marrow", "type": "bone", "mass_ratio": 0.005 },
      { "drop": "sinew", "type": "bone", "mass_ratio": 0.001 },
      { "drop": "raw_hleather", "type": "skin", "mass_ratio": 0.01 }  ]
 }
]