[
  {
    "id": "mon_black_rat",
    "type": "MONSTER",
    "name": { "str": "black rat" },
    "description": "The black rat, an omnivorous rodent with sheer black fur and a long, rough tail.  Harbinger of pestilence, famine, and mange, it will sometimes swarm over the dead or dying.",
    "default_faction": "rat",
    "bodytype": "pig",
    "categories": [ "WILDLIFE" ],
    "species": [ "RATS" ],
    "volume": "200 ml",
    "weight": "200 g",
    "hp": 6,
    "speed": 100,
    "material": [ "flesh" ],
    "symbol": "r",
    "color": "dark_gray",
    "aggression": 5,
    "morale": 5,
    "aggro_character": false,
    "melee_skill": 5,
    "melee_dice": 1,
    "melee_dice_sides": 1,
    "melee_damage": [ { "damage_type": "cut", "amount": 1 } ],
    "dodge": 2,
    "vision_day": 30,
    "vision_night": 10,
    "harvest": "rat_with_skull",
    "dissect": "dissect_rat_sample_single",
    "families": [ "prof_intro_biology" ],
    "path_settings": { "max_dist": 10 },
    "anger_triggers": [ "PLAYER_WEAK" ],
    "fear_triggers": [ "PLAYER_CLOSE" ],
    "special_attacks": [ [ "EAT_FOOD", 120 ] ],
    "flags": [ "SEES", "SMELLS", "HEARS", "WARM", "SWIMS", "ANIMAL", "STUMBLES", "PATH_AVOID_DANGER_1" ]
  }
]
