[
	{
	"id": "mon_adult_faceling1",
    "type": "MONSTER",
    "name": { "str": "adult Faceling" },
    "description": "Facelings are a general term for faceless people that roam the backrooms, Adult Facelings are friendly and do not act with hostility unless provoked. They typically have the appearance of standard adult humans, with smooth skin replacing the entire face. They can appear as male, female, and can also appear completely androgynous.",
    "default_faction": "entities",
    "categories": [ "ENTITIE" ],
    "species": [ "ENTITIE" ],
    "volume": "62500 ml",
    "weight": "110 kg",
    "hp": 50,
    "speed": 115,
    "material": [ "flesh" ],
    "symbol": "F",
    "color": "yellow",
    "aggression": 0,
    "morale": 30,
    "aggro_character": true,
    "melee_skill": 2,
    "melee_dice": 1,
    "melee_dice_sides": 4,
    "melee_damage": [ { "damage_type": "cut", "amount": 1 } ],
    "dodge": 3,
    "armor_bash": 2,
    "armor_elec": 1,
    "vision_day": 30,
    "vision_night": 10,
    "path_settings": { "max_dist": 100 },
    "anger_triggers": [ "FRIEND_ATTACKED", "HURT" ],
    "fear_triggers": [ "FIRE" ],
    "flags": [ "SEES", "HEARS", "PATH_AVOID_DANGER_1", "WARM", "SMELLS", "CAN_OPEN_DOORS", "GRABS", "HUMAN" ]
	}
]

