[
  {
    "type": "mapgen",
    "method": "json",
    "om_terrain": [ "level_one" ],
    "object": {
      "fill_ter": "t_thconc_floor",
      "rows": [
        "........................",
        "........................",
        "........................",
        "........................",
        "........................",
        "........................",
        "........................",
        "........................",
        "........................",
        "........................",
        "........................",
        "........................",
        "........................",
        "........................",
        "........................",
        "........................",
        "........................",
        "........................",
        "........................",
        "........................",
        "........................",
        "........................",
        "........................",
        "........................"
      ],
      "place_nested": [
        { "chunks": [ [ "pd_main", 100 ] ], "x": 36, "y": 36 },
        {
          "chunks": [
            [ "pd_main3", 250 ],
            [ "pd_main2", 50 ],
            [ "pd_main4", 20 ]
          ],
          "x": [ 0, 13 ],
          "y": [ 0, 13 ],
          "repeat": [ 0, 2 ]
        },
        {
          "chunks": [
            [ "pd_main3", 250 ],
            [ "pd_main2", 50 ],
            [ "pd_main4", 20 ]
          ],
          "x": [ 0, 18 ],
          "y": [ 0, 18 ],
          "repeat": [ 0, 3 ]
        }
      ]
    }
  }
]
