[
  {
    "type": "mapgen",
    "method": "json",
    "nested_mapgen_id": "mx_backrooms_whole",
    "object": {
      "mapgensize": [ 24, 24 ],
      "rows": [
        "---Q---Q---oo---Q----Q--",
        "-        -    -   Q     ",
        "Q        Q    Q     q q ",
        "---Q---  -    -  ---- - ",
        "Q   -    -    -     Q - ",
        "-   -         ------- --",
        "-                       ",
        "-   -----Q---Q------    ",
        "-          -            ",
        "-          O            ",
        "-----o---Q---Q----o-----",
        "o                       ",
        "o                       ",
        "---Q--o-  -o----o---o---",
        "Q   Q  -  -  Q    -     ",
        "-      -  -  -    -     ",
        "------o-  -o----o---o---",
        "-         -       -     ",
        "Q         -       -     ",
        "--------  ----- ----o---",
        "Q         -       -     ",
        "-   -----Q-       -     ",
        "-   Q  q  -----   -     ",
        "Q                 -     "
      ],
      "palettes": [ "backrooms_palette" ]
    }
  },
  {
    "type": "mapgen",
    "method": "json",
    "nested_mapgen_id": "mx_backrooms_whole",
    "object": {
      "mapgensize": [ 24, 24 ],
      "rows": [
        "------Q----oo----Q--Q---",
        "-  -                    ",
        "Q  Q                    ",
        "-  -    -----Q----      ",
        "- q--            -----oo",
        "-   -                -  ",
        "-Q  ---O-----o----   -  ",
        "-   O    -           O  ",
        "Q   -    -           -  ",
        "-- --    q      -    -  ",
        "-   -    -      -    -  ",
        "o   -  -----    --Q---  ",
        "o   Q    -      -    -  ",
        "-   -    -      -    -  ",
        "-- --  -----         q  ",
        "-   -    q      -    -  ",
        "Q   Q    -      -    -  ",
        "-   -  -----    --Q---  ",
        "Q   -    -      -    -  ",
        "-   -    -      -    O  ",
        "-   O  -----         -  ",
        "Q   -    -      -    -  ",
        "-   -    Q      --Q---  ",
        "-   -    -      -       "
      ],
      "palettes": [ "backrooms_palette" ]
    }
  },
  {
    "type": "mapgen",
    "method": "json",
    "nested_mapgen_id": "mx_backrooms_whole",
    "object": {
      "mapgensize": [ 24, 24 ],
      "rows": [
        "--Q----Q---oo-------Q---",
        "-                       ",
        "Q                       ",
        "----O---------Q---- ----",
        "-       q        q  O   ",
        "-       -        -  --- ",
        "--O---O--   ------  Q   ",
        "-                   - --",
        "Q                   Q   ",
        "-  -------Q-------  -   ",
        "-  -             -  -   ",
        "o  -             -  -   ",
        "o  -  ----Q----  -  -   ",
        "-  Q  Q     @ Q  -  -   ",
        "-  -  -  Q    -  -  Q   ",
        "-  -  -  ------  -  -   ",
        "Q  -  -          -  -   ",
        "-  -  -          -  -   ",
        "-  -  ---Q----Q---  -   ",
        "-  -                -   ",
        "Q  Q                Q   ",
        "-  ----Q-----------Q-   ",
        "-                       ",
        "-                       "
      ],
      "palettes": [ "backrooms_palette" ]
    }
  },
  {
    "type": "mapgen",
    "method": "json",
    "nested_mapgen_id": "mx_backrooms_whole",
    "object": {
      "mapgensize": [ 24, 24 ],
      "rows": [
        "----Q---Q--oo----Q-----Q",
        "-         -  -          ",
        "Q     Q   -  -          ",
        "-     -   -  -------Q-  ",
        "-- --------  -       -  ",
        "-         o  o       -  ",
        "Q         -  ------  -  ",
        "--------- -  -       -  ",
        "-     -   -  -   Q      ",
        "Q     -   -  -   -   Q  ",
        "-----o-----  -----o-----",
        "o                       ",
        "o                       ",
        "-----o-----  -----o-----",
        "Q   -     -  Q   -   -  ",
        "-   O     -  - ---      ",
        "-  ----- --  -   -----  ",
        "-   -     -  ---     -  ",
        "Q   Q     o  o       -Q-",
        "-   -- ----  -       -  ",
        "--- -     -  --Q--- --  ",
        "-   ----- -  -   -   - -",
        "Q  --     Q  -   -   o  ",
        "-         -  Q       -  "
      ],
      "palettes": [ "backrooms_palette" ]
    }
  },
  {
    "type": "mapgen",
    "method": "json",
    "nested_mapgen_id": "mx_backrooms_whole",
    "object": {
      "mapgensize": [ 24, 24 ],
      "rows": [
        "-q----Q----oo---Q-----q-",
        "-  -    -      o  Q     ",
        "-  -    -      -     Q  ",
        "-  ---  -      ----q----",
        "Q    Q  O      o        ",
        "-  ---  -      -        ",
        "-    -  -      ---o--o--",
        "Q    Q  O      O        ",
        "---O-----      -----Q---",
        "-                       ",
        "-                       ",
        "o                       ",
        "o                       ",
        "-                       ",
        "-                       ",
        "---o-----      -----O---",
        "Q       Q      Q        ",
        "-       -      -        ",
        "Q       O      O        ",
        "---q-----      -----q---",
        "-       -      -        ",
        "Q       O      O        ",
        "-       -      -        ",
        "-       -      -        "
      ],
      "palettes": [ "backrooms_palette" ]
    }
  },
  {
    "type": "mapgen",
    "method": "json",
    "nested_mapgen_id": "mx_backrooms_whole",
    "object": {
      "mapgensize": [ 24, 24 ],
      "rows": [
        "---Q---Q--oo----Q--Q---Q",
        "-     -        -     -  ",
        "Q     -        -     -  ",
        "-  ----  ----  -  -  -  ",
        "-  -     -  -     -  -  ",
        "-  -     -  -     -  -  ",
        "Q  -  -qq-  ----qq-  -  ",
        "-  -  -        -        ",
        "-  -  -        -        ",
        "-  -  -  ----  -  ------",
        "o     -  -     -  -     ",
        "o     -  -     -  -     ",
        "----------  -  -  -  -  ",
        "-           -  -     -  ",
        "Q           -  -     -  ",
        "-  -qq----qq-  -------qq",
        "Q  -  -  -  -           ",
        "-  -  -  -  -           ",
        "-  -  -  -  -  ---------",
        "Q     -           q     ",
        "-     -           q     ",
        "----  ----------  -  -  ",
        "Q           q        -  ",
        "-           q        -  "
      ],
      "palettes": [ "backrooms_palette" ]
    }
  }
]