[
  {
    "type": "mapgen",
    "method": "json",
    "nested_mapgen_id": "mx_backroom_big_common",
    "object": {
      "mapgensize": [ 11, 11 ],
      "rotation": [ 0, 3 ],
      "rows": [
        "-----------",
        "-jlntttiij-",
        "-        A-",
        "- aaaaaaa -",
        "- accccca -",
        "- accccca -",
        "- aaaaaaa -",
        "d         d",
        "-!      fa-",
        "-   m   un-",
        "-----D-----"
      ],
	"flags": [ "ERASE_ALL_BEFORE_PLACING_TERRAIN" ],
      "palettes": [ "backrooms_palette" ]
    }
  },
  {
    "type": "mapgen",
    "method": "json",
    "nested_mapgen_id": "mx_backroom_big_common",
    "object": {
      "mapgensize": [ 11, 11 ],
      "rotation": [ 0, 3 ],
      "rows": [
        "---?---?---",
        "-g! aca ! -",
        "-g  aca   -",
        "-g  aca   -",
        "-   aca  A-",
        "D   aca   d",
        "-m  aca  t-",
        "-   aca  t-",
        "-!  aca  t-",
        "-      Ass-",
        "-----d-----"
      ],
	"flags": [ "ERASE_ALL_BEFORE_PLACING_TERRAIN" ],
      "palettes": [ "backrooms_palette" ]
    }
  },
  {
    "type": "mapgen",
    "method": "json",
    "nested_mapgen_id": "mx_backroom_big_common",
    "object": {
      "mapgensize": [ 11, 11 ],
      "rotation": [ 0, 3 ],
      "rows": [
        "-----D-----",
        "-ff     ff-",
        "-ua nlj au-",
        "--- --- ---",
        "-ff !   ff-",
        "-ua     au-",
        "--- --- ---",
        "-ff fff ff-",
        "-ua  a  au-",
        "?   iii   ?",
        "---d---d---"
      ],
	"flags": [ "ERASE_ALL_BEFORE_PLACING_TERRAIN" ],
      "palettes": [ "backrooms_palette" ]
    }
  },
  {
    "type": "mapgen",
    "method": "json",
    "nested_mapgen_id": "mx_backroom_big_common",
    "object": {
      "mapgensize": [ 11, 11 ],
      "rotation": [ 0, 3 ],
      "rows": [
        "-----d-----",
        "-!      ! -",
        "-  -----  -",
        "-l fu-uf k-",
        "-n ak-Aa m-",
        "d  -----  D",
        "-  fu-uf  -",
        "-A ak-ka A-",
        "-! -----! -",
        "-         -",
        "-----d-----"
      ],
	"flags": [ "ERASE_ALL_BEFORE_PLACING_TERRAIN" ],
      "palettes": [ "backrooms_palette" ]
    }
  },
  {
    "type": "mapgen",
    "method": "json",
    "nested_mapgen_id": "mx_backroom_big_common",
    "object": {
      "mapgensize": [ 11, 11 ],
      "rotation": [ 0, 3 ],
      "rows": [
        "-----------",
        "-iijpnpjln-",
        "d         d",
        "- k     k -",
        "- i i aci -",
        "- i i aci -",
        "? i i aci ?",
        "-         -",
        "-ffuf   ! -",
        "-fna  m   -",
        "-----D-----"
      ],
	"flags": [ "ERASE_ALL_BEFORE_PLACING_TERRAIN" ],
      "palettes": [ "backrooms_palette" ]
    }
  },
  {
    "type": "mapgen",
    "method": "json",
    "nested_mapgen_id": "mx_backroom_big_common",
    "object": {
      "mapgensize": [ 11, 11 ],
      "rotation": [ 0, 3 ],
      "rows": [
        "-------d---",
        "-iiiiln ! -",
        "- ac  A   -",
        "- ac A   m-",
        "- ac    j--",
        "d         D",
        "- aca   j--",
        "- aca    A-",
        "- aca   ! -",
        "-nAk      -",
        "------ d---"
      ],
	"flags": [ "ERASE_ALL_BEFORE_PLACING_TERRAIN" ],
      "palettes": [ "backrooms_palette" ]
    }
  },
  {
    "type": "mapgen",
    "method": "json",
    "nested_mapgen_id": "mx_backroom_big_common",
    "object": {
      "mapgensize": [ 11, 11 ],
      "rotation": [ 0, 3 ],
      "rows": [
        "-----D-----",
        "-! !  ! ! -",
        "-         -",
        "d         d",
        "- ccccccc -",
        "- aaaaaac -",
        "- ccccccc -",
        "- caaaaaa -",
        "- ccccccc -",
        "-n       j-",
        "-----d-----"
      ],
	"flags": [ "ERASE_ALL_BEFORE_PLACING_TERRAIN" ],
      "palettes": [ "backrooms_palette" ]
    }
  },
  {
    "type": "mapgen",
    "method": "json",
    "nested_mapgen_id": "mx_backroom_big_common",
    "object": {
      "mapgensize": [ 11, 11 ],
      "rotation": [ 0, 3 ],
      "rows": [
        "-----d-----",
        "-iij    tt-",
        "-  aaak  t-",
        "- accca  g-",
        "-n aaa    ?",
        "-l    A  t-",
        "-- ----- --",
        "-r   Ahh j-",
        "-s ! !   m-",
        "-s        D",
        "--d--------"
      ],
	"flags": [ "ERASE_ALL_BEFORE_PLACING_TERRAIN" ],
      "palettes": [ "backrooms_palette" ]
    }
  },
  {
    "type": "mapgen",
    "method": "json",
    "nested_mapgen_id": "mx_backroom_big_common",
    "object": {
      "mapgensize": [ 11, 11 ],
      "rotation": [ 0, 3 ],
      "rows": [
        "-----------",
        "-uf-fun-fu-",
        "-a   a   a-",
        "-  ----- j-",
        "- p-i j-i -",
        "D  D f -s d",
        "-m -afa-s -",
        "-  -----r -",
        "-! iilnA  -",
        "-        A-",
        "-----?-----"
      ],
	"flags": [ "ERASE_ALL_BEFORE_PLACING_TERRAIN" ],
      "palettes": [ "backrooms_palette" ]
    }
  },
  {
    "type": "mapgen",
    "method": "json",
    "nested_mapgen_id": "mx_backroom_big_common",
    "object": {
      "mapgensize": [ 11, 11 ],
      "rotation": [ 0, 3 ],
      "rows": [
        "---d-------",
        "-iu iiiA! -",
        "--- ----  -",
        "-!  hhhh A-",
        "-        b-",
        "D    ln be-",
        "-m       b-",
        "-jk hhhh k-",
        "--- ----! -",
        "-AA iiin  -",
        "---d-------"
      ],
	"flags": [ "ERASE_ALL_BEFORE_PLACING_TERRAIN" ],
      "palettes": [ "backrooms_palette" ]
    }
  },
  {
    "type": "mapgen",
    "method": "json",
    "nested_mapgen_id": "mx_backroom_big_common",
    "object": {
      "mapgensize": [ 11, 11 ],
      "rotation": [ 0, 3 ],
      "rows": [
        "--?-----?--",
        "-!  gggk c-",
        "-       ac-",
        "-----D-----",
        "-nAaf  caj-",
        "D         D",
        "-mtt   tti-",
        "-----D-----",
        "-riA   Ain-",
        "-i   c   i-",
        "--?-----?--"
      ],
	"flags": [ "ERASE_ALL_BEFORE_PLACING_TERRAIN" ],
      "palettes": [ "backrooms_palette" ]
    }
  },
  {
    "type": "mapgen",
    "method": "json",
    "nested_mapgen_id": "mx_backroom_big_common",
    "object": {
      "mapgensize": [ 8, 8 ],
      "rotation": [ 0, 3 ],
      "rows": [
        "----d---",
        "-ufi ! -",
        "-fa    -",
        "D     n-",
        "-A     d",
        "-fa naf-",
        "-uf lfu-",
        "---d----"
      ],
	"flags": [ "ERASE_ALL_BEFORE_PLACING_TERRAIN" ],
      "palettes": [ "backrooms_palette" ]
    }
  },
  {
    "type": "mapgen",
    "method": "json",
    "nested_mapgen_id": "mx_backroom_big_common",
    "object": {
      "mapgensize": [ 8, 8 ],
      "rotation": [ 0, 3 ],
      "rows": [
        "--D--D--",
        "-u mu n-",
        "-g    l-",
        "d  hh  d",
        "-t    t-",
        "-t aa t-",
        "-tcccct-",
        "--------"
      ],
	"flags": [ "ERASE_ALL_BEFORE_PLACING_TERRAIN" ],
      "palettes": [ "backrooms_palette" ]
    }
  },
  {
    "type": "mapgen",
    "method": "json",
    "nested_mapgen_id": "mx_backroom_big_common",
    "object": {
      "mapgensize": [ 8, 8 ],
      "rotation": [ 0, 3 ],
      "rows": [
        "--------",
        "-ffcc! -",
        "-naA   -",
        "-k  a  -",
        "D  ff  D",
        "-     A-",
        "-nlppij-",
        "--------"
      ],
	"flags": [ "ERASE_ALL_BEFORE_PLACING_TERRAIN" ],
      "palettes": [ "backrooms_palette" ]
    }
  },
  {
    "type": "mapgen",
    "method": "json",
    "nested_mapgen_id": "mx_backroom_big_common",
    "object": {
      "mapgensize": [ 8, 8 ],
      "rotation": [ 0, 3 ],
      "rows": [
        "--------",
        "-fhiirA-",
        "--d--D--",
        "D  jA gD",
        "D      D",
        "--D--d--",
        "-cbiina-",
        "--------"
      ],
	"flags": [ "ERASE_ALL_BEFORE_PLACING_TERRAIN" ],
      "palettes": [ "backrooms_palette" ]
    }
  },
  {
    "type": "mapgen",
    "method": "json",
    "nested_mapgen_id": "mx_backroom_big_common",
    "object": {
      "mapgensize": [ 8, 8 ],
      "rotation": [ 0, 3 ],
      "rows": [
        "--------",
        "-! D gg-",
        "-  -  n-",
        "----!  d",
        "----   D",
        "-! -  m-",
        "-  D hh-",
        "--------"
      ],
	"flags": [ "ERASE_ALL_BEFORE_PLACING_TERRAIN" ],
      "palettes": [ "backrooms_palette" ]
    }
  },
  {
    "type": "mapgen",
    "method": "json",
    "nested_mapgen_id": "mx_backroom_small_common",
    "object": {
      "mapgensize": [ 4, 4 ],
      "rotation": [ 0, 3 ],
      "rows": [
        "----",
        "-fu-",
        "-af-",
        "-D--"
      ],
	"flags": [ "ERASE_ALL_BEFORE_PLACING_TERRAIN" ],
      "palettes": [ "backrooms_palette" ]
    }
  },
  {
    "type": "mapgen",
    "method": "json",
    "nested_mapgen_id": "mx_backroom_small_common",
    "object": {
      "mapgensize": [ 4, 4 ],
      "rotation": [ 0, 3 ],
      "rows": [
        "-D--",
        "-an-",
        "-cc-",
        "----"
      ],
	"flags": [ "ERASE_ALL_BEFORE_PLACING_TERRAIN" ],
      "palettes": [ "backrooms_palette" ]
    }
  },
  {
    "type": "mapgen",
    "method": "json",
    "nested_mapgen_id": "mx_backroom_small_common",
    "object": {
      "mapgensize": [ 4, 4 ],
      "rotation": [ 0, 3 ],
      "rows": [
        "----",
        "DAg-",
        "-jg-",
        "----"
      ],
	"flags": [ "ERASE_ALL_BEFORE_PLACING_TERRAIN" ],
      "palettes": [ "backrooms_palette" ]
    }
  },
  {
    "type": "mapgen",
    "method": "json",
    "nested_mapgen_id": "mx_backroom_small_common",
    "object": {
      "mapgensize": [ 4, 4 ],
      "rotation": [ 0, 3 ],
      "rows": [
        "----",
        "D i-",
        "-ii-",
        "----"
      ],
	"flags": [ "ERASE_ALL_BEFORE_PLACING_TERRAIN" ],
      "palettes": [ "backrooms_palette" ]
    }
  },
  {
    "type": "mapgen",
    "method": "json",
    "nested_mapgen_id": "mx_backroom_small_common",
    "object": {
      "mapgensize": [ 4, 4 ],
      "rotation": [ 0, 3 ],
      "rows": [
        "----",
        "D a-",
        "-tt-",
        "----"
      ],
	"flags": [ "ERASE_ALL_BEFORE_PLACING_TERRAIN" ],
      "palettes": [ "backrooms_palette" ]
    }
  },
  {
    "type": "mapgen",
    "method": "json",
    "nested_mapgen_id": "mx_backroom_small_common",
    "object": {
      "mapgensize": [ 6, 6 ],
      "rotation": [ 0, 3 ],
      "rows": [
        "------",
        "-ffff-",
        "-fa  d",
        "D  ! -",
        "-n   -",
        "--d---"
      ],
	"flags": [ "ERASE_ALL_BEFORE_PLACING_TERRAIN" ],
      "palettes": [ "backrooms_palette" ]
    }
  },
  {
    "type": "mapgen",
    "method": "json",
    "nested_mapgen_id": "mx_backroom_small_common",
    "object": {
      "mapgensize": [ 6, 6 ],
      "rotation": [ 0, 3 ],
      "rows": [
        "-D--?-",
        "- ca -",
        "- ca -",
        "- ca -",
        "- ca -",
        "-?--d-"
      ],
	"flags": [ "ERASE_ALL_BEFORE_PLACING_TERRAIN" ],
      "palettes": [ "backrooms_palette" ]
    }
  },
  {
    "type": "mapgen",
    "method": "json",
    "nested_mapgen_id": "mx_backroom_small_common",
    "object": {
      "mapgensize": [ 6, 6 ],
      "rotation": [ 0, 3 ],
      "rows": [
        "------",
        "-ffff-",
        "-aaaa-",
        "D    D",
        "-iiii-",
        "------"
      ],
	"flags": [ "ERASE_ALL_BEFORE_PLACING_TERRAIN" ],
      "palettes": [ "backrooms_palette" ]
    }
  },
  {
    "type": "mapgen",
    "method": "json",
    "nested_mapgen_id": "mx_backroom_small_common",
    "object": {
      "mapgensize": [ 6, 6 ],
      "rotation": [ 0, 3 ],
      "rows": [
        "------",
        "-ufff-",
        "-fanf-",
        "D    D",
        "-jlnj-",
        "------"
      ],
	"flags": [ "ERASE_ALL_BEFORE_PLACING_TERRAIN" ],
      "palettes": [ "backrooms_palette" ]
    }
  },
  {
    "type": "mapgen",
    "method": "json",
    "nested_mapgen_id": "mx_backroom_small_common",
    "object": {
      "mapgensize": [ 6, 6 ],
      "rotation": [ 0, 3 ],
      "rows": [
        "------",
        "-! ! -",
        "-    -",
        "D    D",
        "-tttt-",
        "------"
      ],
	"flags": [ "ERASE_ALL_BEFORE_PLACING_TERRAIN" ],
      "palettes": [ "backrooms_palette" ]
    }
  }
]