[
  {
    "type": "palette",
    "id": "backrooms_palette",
    "terrain": {
      " ": [ [ "t_carpet_backrooms", 95 ], [ "t_carpet_backrooms_light", 5 ] ],
      "!": [ "t_carpet_backrooms" ],
      "@": [ "t_carpet_backrooms" ],
      ".": [ "t_carpet_backrooms_light" ],
      ",": [ "t_tile_backrooms" ],
      ";": [ "t_tile_backrooms_light" ],
      "-": [ "t_backroom_wall" ],
      "=": [ "t_backroom_wall_gray" ],
      "#": [ "t_null" ],
	  "D": [ [ "t_door_c", 75 ],  [ "t_door_o", 25] ],
	  "d": [ [ "t_door_c", 65 ],  [ "t_door_o", 10 ], [ "t_backroom_wall", 25 ] ],
	  "?": [ [ "t_door_c", 10 ], [ "t_door_o", 5 ], [ "t_backroom_wall", 75 ] ],
	  "O": [ [ "t_carpet_backrooms", 85 ],  [ "t_door_c", 10 ],  [ "t_door_o", 5 ] ],
	  "o": [ [ "t_carpet_backrooms", 75 ], [ "t_backroom_wall", 25 ] ],
	  "Q": [ [ "t_carpet_backrooms", 20 ], [ "t_backroom_wall", 100 ] ],
	  "q": [ [ "t_carpet_backrooms", 50], [ "t_backroom_wall", 50] ],
	  "a": [ "t_carpet_backrooms" ],
	  "b": [ "t_carpet_backrooms" ],
	  "c": [ "t_carpet_backrooms" ],
	  "e": [ "t_carpet_backrooms" ],
	  "f": [ "t_carpet_backrooms" ],
	  "g": [ "t_carpet_backrooms" ],
	  "h": [ "t_carpet_backrooms" ],
	  "i": [ "t_carpet_backrooms" ],
	  "j": [ "t_carpet_backrooms" ],
	  "k": [ "t_carpet_backrooms" ],
	  "l": [ "t_carpet_backrooms" ],
	  "m": [ "t_carpet_backrooms" ],
	  "n": [ "t_carpet_backrooms" ],
	  "p": [ "t_carpet_backrooms" ],
	  "r": [ "t_carpet_backrooms" ],
	  "s": [ "t_carpet_backrooms" ],
	  "t": [ "t_carpet_backrooms" ],
	  "x": [ "t_carpet_backrooms" ],
	  "y": [ "t_carpet_backrooms" ],
	  "z": [ "t_carpet_backrooms" ],
      "A": [ "t_carpet_backrooms" ]
	  
    },
    "furniture": {
	  "a": [ [ "f_null", 5 ], [ "f_chair", 10 ] ],
	  "b": [ [ "f_null", 5 ], [ "f_camp_chair", 10 ], [ "f_chair", 2 ] ],
	  "c": [ "f_table" ],
	  "e": [ "f_table" ],
	  "f": [ "f_desk" ],
	  "g": [ "f_bench", 25 ],
	  "h": [ "f_sofa", 10 ],
	  "i": [ "f_filing_cabinet" ],
	  "j": [ [ "f_null", 5 ], [ "f_indoor_plant", 5 ], [ "f_indoor_plant_y", 5 ] ],
	  "k": [ "f_floor_lamp" ],
	  "l": [ "f_watercooler" ],
	  "m": [ "f_rack_coat" ],
	  "n": [ "f_trashcan" ],
	  "p": [ "f_vending_reinforced" ],
	  "r": [ [ "f_null", 5 ], [ "f_shredder", 10 ] ],
	  "s": [ [ "f_null", 5 ], [ "f_server", 10 ] ],
	  "t": [ "f_bookcase" ],
	  "x": [ [ "f_rubble", 10 ], [ "f_rubble_rock", 10 ] ],
	  "y": [ [ "f_ash", 10 ] ],
      "A": [ "f_cardboard_box" ]
    },
	"liquids": { "l": { "liquid": "water_clean", "amount": [ 0, 30 ] } },
	"items": {
	  "c": [ { "item": "backrooms_master_table_office", "chance": 25 } ],
	  "e": [ { "item": "backrooms_master_table_office", "chance": 25 } ],
	  "f": [ { "item": "backrooms_master_desk", "chance": 33 } ],
	  "i": [ { "item": "backrooms_master_filing", "chance": 85 } ],
	  "m": [ { "item": "backrooms_master_coat_rack", "chance": 65 } ],
	  "n": [ { "item": "backrooms_master_trash", "chance": 40 } ],
	  "p": [ { "item": "backrooms_master_vending", "chance": 95 } ],
	  "t": [ { "item": "backrooms_master_bookshelf", "chance": 80 } ],
	  "x": [ { "item": "backrooms_master_rubble", "chance": 80 } ],
	  "y": [ { "item": "backrooms_master_rubble", "chance": 80 } ],
	  "A": [ { "item": "backrooms_master_cardboard", "chance": 50 } ]
	},
	"nested": {
        "!": {
          "chunks": [
            [ "null", 10 ],
            [ "mx_backroom_micro_common", 20 ],
            [ "mx_backroom_micro_storage", 4 ]
          ]
        },
		"@": {
          "chunks": [
            [ "mx_backroom_micro_storage", 20 ]
          ]
        },
		"$": {
          "chunks": [
            [ "mx_backroom_micro_breakroom", 20 ]
          ]
        }
      }
  },
  {
    "type": "palette",
    "id": "backrooms_storage_palette",
    "terrain": {
      "B": [ "t_carpet_backrooms" ],
      "C": [ "t_carpet_backrooms" ],
	  "E": [ "t_carpet_backrooms" ],
	  "F": [ "t_carpet_backrooms" ],
	  "G": [ "t_carpet_backrooms" ],
	  "H": [ "t_carpet_backrooms" ],
	  "I": [ "t_carpet_backrooms" ],
	  "J": [ "t_carpet_backrooms" ],
	  "K": [ "t_carpet_backrooms" ],
	  "L": [ "t_carpet_backrooms" ],
	  "M": [ "t_carpet_backrooms" ],
	  "N": [ "t_carpet_backrooms" ],
	  "P": [ "t_carpet_backrooms" ],
	  "Q": [ "t_carpet_backrooms" ],
	  "R": [ "t_carpet_backrooms" ]	  
    },
    "furniture": {
      "B": [ [ "f_crate_c", 100 ], [ "f_crate_o", 8 ] ],
      "C": [ "f_crate_c" ],
	  "E": [ "f_utility_shelf" ],
	  "F": [ "f_warehouse_shelf" ],
	  "G": [ [ "f_safe_l", 100 ], [ "f_gun_safe_el", 20 ], [ "f_safe_c", 5 ] ],
	  "H": [ [ "f_safe_l", 100 ], [ "f_gun_safe_el", 20 ] ],
	  "I": [ "f_locker" ],
	  "J": [ "f_locker" ],
	  "K": [ "f_workbench" ],
	  "L": [ "f_water_heater" ],
	  "M": [ "f_standing_tank" ],
	  "N": [ "f_air_conditioner" ],
	  "P": [ "f_air_filter" ],
	  "Q": [ "f_home_furnace" ]
    },
	"liquids": { 
	  "M": { "liquid": "water", "amount": [ 10, 100 ] }
	},
	"items": {
	  "B": [ { "item": "backrooms_master_crate", "chance": 90 } ],
	  "C": [ { "item": "backrooms_crate_rare", "repeat": [ 1, 2 ], "chance": 100 } ],
	  "E": [ { "item": "backrooms_master_shelf1", "chance": 60 } ],
	  "F": [ { "item": "backrooms_master_shelf2", "chance": 60 } ],
	  "G": [ { "item": "backrooms_master_safe", "chance": 90 } ],
	  "H": [ { "item": "backrooms_treasure_rare", "repeat": [ 1, 2 ], "chance": 100 } ],
	  "I": [ { "item": "backrooms_master_locker", "chance": 55 } ],
	  "J": [ { "item": "backrooms_master_locker_rare", "repeat": [ 1, 2 ], "chance": 100 } ],
	  "K": [ { "item": "backrooms_master_workbench", "chance": 60 } ]
	}
  },
  {
    "type": "palette",
    "id": "backrooms_breakroom_palette",
    "terrain": {
      "Z": [ "t_carpet_backrooms" ],
      "B": [ "t_carpet_backrooms" ],
      "C": [ "t_tile_backrooms" ],
	  "E": [ "t_tile_backrooms" ],
	  "F": [ "t_tile_backrooms" ],
	  "G": [ "t_tile_backrooms" ],
	  "H": [ "t_tile_backrooms" ],
	  "I": [ "t_carpet_backrooms" ],
	  "J": [ "t_carpet_backrooms" ],
	  "K": [ "t_carpet_backrooms" ]
    },
    "furniture": {
      "Z": [ "f_table" ],
      "B": [ "f_table" ],
      "C": [ "f_sink" ],
	  "E": [ "f_counter" ],
	  "F": [ "f_cupboard" ],
	  "G": [ "f_counter_gate_c" ],
	  "H": [ "f_fridge" ],
	  "I": [ "f_coffee_table" ],
	  "J": [ "f_entertainment_center" ],
	  "K": [ [ "f_ergometer", 20 ], [ "f_exercise", 50 ], [ "f_treadmill", 100 ] ]
    },
	"items": {
	  "Z": [ { "item": "backrooms_master_table_kitchen", "chance": 30 } ],
	  "B": [ { "item": "backrooms_master_table_breakroom", "chance": 35 } ],
	  "C": [ { "item": "backrooms_master_sink1", "chance": 75 } ],
	  "E": [ { "item": "backrooms_master_countertop_kitchen", "chance": 50 } ],
	  "F": [ { "item": "backrooms_master_cupboards", "chance": 60 } ],
	  "H": [ { "item": "backrooms_master_fridge", "chance": 95 } ],
	  "I": [ { "item": "backrooms_master_table_coffee", "chance": 50 } ],
	  "J": [ { "item": "backrooms_master_table_coffee", "chance": 80 } ]
	}
  },
  {
    "type": "palette",
    "id": "backrooms_bathroom_palette",
    "terrain": {
      " ": [ "t_tile_backrooms" ],
      "B": [ "t_tile_backrooms" ],
      "C": [ "t_tile_backrooms" ],
      "T": [ "t_tile_backrooms" ]
    },
    "furniture": {
      "B": [ "f_counter" ],
      "C": [ "f_sink" ],
	  "T": [ "f_toilet" ]
    },
	"toilets": { "T": {  } },
	"items": {
	  "B": [ { "item": "backrooms_master_sink2", "chance": 50 } ],
	  "C": [ { "item": "backrooms_master_countertops_bathroom", "chance": 50 } ]
	}
  }
]