[
  {
    "type": "palette",
    "id": "backrooms_palette_zero",
    "terrain": {
      " ": "t_soil",
      "w": "t_concrete_wall",
      "I": "t_wall_metal",
      "=": "t_metal_railing",
      "L": [ [ "t_door_bar_locked", 2 ], [ "t_door_bar_c", 2 ], "t_door_bar_o" ],
      "D": "t_door_metal_c",
      "+": "t_bars",
      ".": "t_thconc_floor",
      "l": "t_thconc_floor_olight",
      "^": "t_metal_floor",
      "z": "t_metal_floor",
      "Z": "t_metal_floor",
      "6": "t_metal_floor",
      "~": "t_sewage",
      "_": [ [ "t_moss", 2 ], [ "t_dirtmound", 4 ], [ "t_sewage", 4 ] ],
      "-": "t_bridge",
      "#": "t_grate",
      "<": "t_ladder_up",
      "o": "t_sewage_pipe",
      "p": "t_sewage_pump"
    },
    "traps": { "?": [ "tr_cot" ] },
    "furniture": {
      "r": "f_utility_shelf",
      "/": "f_rubble",
      "O": "f_55gal_firebarrel",
      "B": "f_cardboard_box",
      "f": "f_canvas_wall",
      "F": "f_canvas_door_o",
      "d": "f_desk",
      "h": "f_chair",
      "H": "f_sofa",
      "s": "f_sink",
      "t": "f_toilet",
      "J": "f_counter",
      "R": "f_bookcase",
      "∞": "f_foot_locker"
    },
    "items": {
      "_": [
        { "item": "trash", "chance": 0, "repeat": [ 1, 4 ] },
        { "item": "sewer", "chance": 0 },
        { "item": "sewage_plant", "chance": 0 }
      ],
      "r": [ { "item": "sewage_plant", "chance": 15 }, { "item": "os_items", "chance": 45, "repeat": [ 1, 3 ] } ],
      "^": [ { "item": "vending_food_items", "chance": 75, "repeat": [ 1, 2 ] } ],
      ".": [ { "item": "trash", "chance": 3, "repeat": [ 1, 2 ] } ],
      "-": [ { "item": "trash", "chance": 1 } ]
    },
    "monster": {
      "~": { "group": "GROUP_SEWER", "chance": 2 },
      "z": { "group": "GROUP_ZOMBIE", "chance": 25 },
      "Z": { "group": "GROUP_ZOMBIE", "chance": 0 }
    },
    "nested": { "6": { "chunks": [ [ "null", 2 ], [ "1x1_sewermap", 1 ] ] } }
  }
]
