[
  {
    "type": "scenario",
    "id": "backroom_debug",
    "name": "debug",
    "points": 0,
    "description": "if you are seeing this then please feel free to help with bug reports, im always open for help. thank you",
    "allowed_locs": [ "debug_backrooms" ],
    "start_name": "The habitable zone",
    "flags": [ "LONE_START" ]
  },
  {
    "type": "start_location",
    "id": "debug_backrooms",
    "name": "debug for level one",
    "terrain": [ "level_one" ]
  },
  {
    "type": "SCENARIO_BLACKLIST",
    "subtype": "whitelist",
    "scenarios": [ "backroom_dweller", "backroom_debug" ]
  }
]
