[
  {
    "type": "mapgen",
    "method": "json",
    "nested_mapgen_id": "mx_backroom_big_generic",
    "object": {
      "mapgensize": [ 11, 11 ],
      "rotation": [ 0, 3 ],
      "rows": [
        "-----d-----",
        "-         -",
        "- !    !  -",
        "-         -",
        "-         -",
        "D         d",
        "-         -",
        "- !    !  -",
        "-         -",
        "-         -",
        "-----d-----"
      ],
      "palettes": [ "backrooms_palette" ]
    }
  },
  {
    "type": "mapgen",
    "method": "json",
    "nested_mapgen_id": "mx_backroom_big_generic",
    "object": {
      "mapgensize": [ 11, 11 ],
      "rotation": [ 0, 3 ],
      "rows": [
        "-----d-----",
        "-         -",
        "-         -",
        "-   !     -",
        "-         -",
        "D         d",
        "-         -",
        "-      !  -",
        "-         -",
        "-         -",
        "-----D-----"
      ],
      "palettes": [ "backrooms_palette" ]
    }
  },
  {
    "type": "mapgen",
    "method": "json",
    "nested_mapgen_id": "mx_backroom_big_generic",
    "object": {
      "mapgensize": [ 11, 11 ],
      "rotation": [ 0, 3 ],
      "rows": [
        "-----D-----",
        "- !    !  -",
        "-         -",
        "- !    !  -",
        "-         -",
        "d         d",
        "- !    !  -",
        "-         -",
        "- !    !  -",
        "-         -",
        "-----D-----"
      ],
      "palettes": [ "backrooms_palette" ]
    }
  },
  {
    "type": "mapgen",
    "method": "json",
    "nested_mapgen_id": "mx_backroom_big_generic",
    "object": {
      "mapgensize": [ 11, 11 ],
      "rotation": [ 0, 3 ],
      "rows": [
        "-----D-----",
        "-         -",
        "-         -",
        "-         -",
        "-   !     -",
        "d         d",
        "-         -",
        "-     !   -",
        "-         -",
        "-         -",
        "-----d-----"
      ],
      "palettes": [ "backrooms_palette" ]
    }
  },
  {
    "type": "mapgen",
    "method": "json",
    "nested_mapgen_id": "mx_backroom_big_generic",
    "object": {
      "mapgensize": [ 11, 11 ],
      "rotation": [ 0, 3 ],
      "rows": [
        "--D--------",
        "-   -! -! -",
        "-   -  -  -",
        "-   -  -  -",
        "-         -",
        "d         d",
        "-         -",
        "-  -  -   -",
        "-! -! -   -",
        "-  -  -   -",
        "--------D--"
      ],
      "palettes": [ "backrooms_palette" ]
    }
  },
  {
    "type": "mapgen",
    "method": "json",
    "nested_mapgen_id": "mx_backroom_big_generic",
    "object": {
      "mapgensize": [ 11, 11 ],
      "rotation": [ 0, 3 ],
      "rows": [
        "-----d-----",
        "-!      ! -",
        "-   ---   -",
        "-    -    -",
        "?    -    D",
        "--- --- ---",
        "D    -    ?",
        "-    -    -",
        "-!  --- ! -",
        "-         -",
        "-----d-----"
      ],
      "palettes": [ "backrooms_palette" ]
    }
  },
  {
    "type": "mapgen",
    "method": "json",
    "nested_mapgen_id": "mx_backroom_big_generic",
    "object": {
      "mapgensize": [ 11, 11 ],
      "rotation": [ 0, 3 ],
      "rows": [
        "---?---?---",
        "-!   -    -",
        "-    - !  -",
        "-   --    -",
        "-   -     -",
        "D   - -   d",
        "-     -   -",
        "- !  --   -",
        "-    -  ! -",
        "-    -    -",
        "---?---?---"
      ],
      "palettes": [ "backrooms_palette" ]
    }
  },
  {
    "type": "mapgen",
    "method": "json",
    "nested_mapgen_id": "mx_backroom_big_generic",
    "object": {
      "mapgensize": [ 11, 11 ],
      "rotation": [ 0, 3 ],
      "rows": [
        "-----------",
        "D    q    -",
        "-  -----  -",
        "-  ! -!   -",
        "-    -    -",
        "-  -----  -",
        "-  ! -!   -",
        "-    -    -",
        "-  -----  -",
        "-    q    D",
        "-----------"
      ],
      "palettes": [ "backrooms_palette" ]
    }
  },
  {
    "type": "mapgen",
    "method": "json",
    "nested_mapgen_id": "mx_backroom_big_generic",
    "object": {
      "mapgensize": [ 8, 8 ],
      "rotation": [ 0, 3 ],
      "rows": [
        "--D--?--",
        "-  !   -",
        "?      d",
        "-!   ! -",
        "-      -",
        "d  !   ?",
        "-      -",
        "--?--d--"
      ],
      "palettes": [ "backrooms_palette" ]
    }
  },
  {
    "type": "mapgen",
    "method": "json",
    "nested_mapgen_id": "mx_backroom_big_generic",
    "object": {
      "mapgensize": [ 8, 8 ],
      "rotation": [ 0, 3 ],
      "rows": [
        "--D--?--",
        "-      -",
        "?      d",
        "-  !   -",
        "-      -",
        "d      ?",
        "-      -",
        "--?--d--"
      ],
      "palettes": [ "backrooms_palette" ]
    }
  },
  {
    "type": "mapgen",
    "method": "json",
    "nested_mapgen_id": "mx_backroom_big_generic",
    "object": {
      "mapgensize": [ 8, 8 ],
      "rotation": [ 0, 3 ],
      "rows": [
        "---DD---",
        "-!   ! -",
        "-      -",
        "?      ?",
        "?      ?",
        "-!   ! -",
        "-      -",
        "---dd---"
      ],
      "palettes": [ "backrooms_palette" ]
    }
  },
  {
    "type": "mapgen",
    "method": "json",
    "nested_mapgen_id": "mx_backroom_big_generic",
    "object": {
      "mapgensize": [ 8, 8 ],
      "rotation": [ 0, 3 ],
      "rows": [
        "---?----",
        "d      d",
        "- -O-- -",
        "---! ---",
        "---  ---",
        "- --O- -",
        "D      d",
        "----?---"
      ],
      "palettes": [ "backrooms_palette" ]
    }
  },
  {
    "type": "mapgen",
    "method": "json",
    "nested_mapgen_id": "mx_backroom_big_generic",
    "object": {
      "mapgensize": [ 8, 8 ],
      "rotation": [ 0, 3 ],
      "rows": [
        "--------",
        "D      ?",
        "---Q-- -",
        "-  ! Q -",
        "- -  - -",
        "- -Q-- -",
        "d      ?",
        "--------"
      ],
      "palettes": [ "backrooms_palette" ]
    }
  },
  {
    "type": "mapgen",
    "method": "json",
    "nested_mapgen_id": "mx_backroom_big_generic",
    "object": {
      "mapgensize": [ 8, 8 ],
      "rotation": [ 0, 3 ],
      "rows": [
        "--------",
        "-! --! -",
        "-  --  -",
        "-  --  -",
        "-  --  -",
        "-  --  -",
        "D      d",
        "---??---"
      ],
      "palettes": [ "backrooms_palette" ]
    }
  },
  {
    "type": "mapgen",
    "method": "json",
    "nested_mapgen_id": "mx_backroom_big_generic",
    "object": {
      "mapgensize": [ 8, 8 ],
      "rotation": [ 0, 3 ],
      "rows": [
        "--------",
        "D      d",
        "---  ---",
        "-!   ! -",
        "-      -",
        "---  ---",
        "d      D",
        "--------"
      ],
      "palettes": [ "backrooms_palette" ]
    }
  },
  {
    "type": "mapgen",
    "method": "json",
    "nested_mapgen_id": "mx_backroom_big_generic",
    "object": {
      "mapgensize": [ 8, 8 ],
      "rotation": [ 0, 3 ],
      "rows": [
        "--?--?--",
        "-! --! -",
        "-  --  -",
        "-      D",
        "d      -",
        "-! --! -",
        "-  --  -",
        "--?--?--"
      ],
      "palettes": [ "backrooms_palette" ]
    }
  },
  {
    "type": "mapgen",
    "method": "json",
    "nested_mapgen_id": "mx_backroom_small_generic",
    "object": {
      "mapgensize": [ 4, 4 ],
      "rotation": [ 0, 3 ],
      "rows": [
        "-D--",
        "-! ?",
        "?  -",
        "--d-"
      ],
      "palettes": [ "backrooms_palette" ]
    }
  },
  {
    "type": "mapgen",
    "method": "json",
    "nested_mapgen_id": "mx_backroom_small_generic",
    "object": {
      "mapgensize": [ 4, 4 ],
      "rotation": [ 0, 3 ],
      "rows": [
        "-DD-",
        "-! -",
        "-  -",
        "-DD-"
      ],
      "palettes": [ "backrooms_palette" ]
    }
  },
  {
    "type": "mapgen",
    "method": "json",
    "nested_mapgen_id": "mx_backroom_small_generic",
    "object": {
      "mapgensize": [ 4, 4 ],
      "rotation": [ 0, 3 ],
      "rows": [
        "????",
        "?! ?",
        "?  ?",
        "????"
      ],
      "palettes": [ "backrooms_palette" ]
    }
  },
  {
    "type": "mapgen",
    "method": "json",
    "nested_mapgen_id": "mx_backroom_small_generic",
    "object": {
      "mapgensize": [ 6, 6 ],
      "rotation": [ 0, 3 ],
      "rows": [
        "---?--",
        "-! ! -",
        "D    d",
        "-! ! -",
        "-    -",
        "--?---"
      ],
      "palettes": [ "backrooms_palette" ]
    }
  },
  {
    "type": "mapgen",
    "method": "json",
    "nested_mapgen_id": "mx_backroom_small_generic",
    "object": {
      "mapgensize": [ 6, 6 ],
      "rotation": [ 0, 3 ],
      "rows": [
        "--dD--",
        "-    -",
        "? !  ?",
        "-    -",
        "-    -",
        "--Dd--"
      ],
      "palettes": [ "backrooms_palette" ]
    }
  },
  {
    "type": "mapgen",
    "method": "json",
    "nested_mapgen_id": "mx_backroom_small_generic",
    "object": {
      "mapgensize": [ 6, 6 ],
      "rotation": [ 0, 3 ],
      "rows": [
        "-?--?-",
        "-! ! -",
        "-    -",
        "- -- -",
        "D    D",
        "------"
      ],
      "palettes": [ "backrooms_palette" ]
    }
  }
]