[
  {
    "name": "GROUP_ENTITIES",
    "type": "monstergroup",
    "is_safe": false,
    "monsters": [
      { "monster": "mon_hound", "weight": 50, "cost_multiplier": 5 },
	{ "monster": "mon_skin_stealer", "weight": 50, "cost_multiplier": 5 },
{ "monster": "mon_adult_faceling1", "weight": 50, "cost_multiplier": 5 },
{ "monster": "mon_adult_faceling2", "weight": 50, "cost_multiplier": 5 },
{ "monster": "mon_adult_faceling3", "weight": 50, "cost_multiplier": 5 },
{ "monster": "mon_adult_faceling4", "weight": 50, "cost_multiplier": 5 },
{ "monster": "mon_adult_faceling5", "weight": 50, "cost_multiplier": 5 },
{ "monster": "mon_adult_faceling6", "weight": 50, "cost_multiplier": 5 },
{ "monster": "mon_adult_faceling7", "weight": 50, "cost_multiplier": 5 },
{ "monster": "mon_adult_faceling8", "weight": 50, "cost_multiplier": 5 }
	]
	}
 ]