[
  {
    "id": "backrooms_thermos",
    "type": "GENERIC",
    "category": "container",
    "name": { "str": "almond thermos", "str_pl": "almond thermoses" },
    "looks_like": "bottle_steel",
    "description": "a slightly worn metal thermos found commonly filled with almond water.",
    "weight": "530 g",
    "price": 1595,
    "price_postapoc": 100,
    "volume": "1250 ml",
    "material": [ "steel" ],
    "symbol": "I",
    "color": "green",
    "pocket_data": [
      {
        "pocket_type": "CONTAINER",
        "rigid": true,
        "watertight": true,
        "max_contains_volume": "1 L",
        "max_contains_weight": "4 kg"
      }
    ],
    "insulation": 10,
    "flags": [ "COLLAPSE_CONTENTS" ]
  }
  
]