[
  {
    "type": "mapgen",
    "method": "json",
    "nested_mapgen_id": "mx_backroom_big_breakroom",
    "object": {
      "mapgensize": [ 11, 11 ],
      "rotation": [ 0, 3 ],
      "rows": [
        "----?-?----",
        "-$   n  $ -",
        "-    h    -",
        "-  J h bB -",
        "-  J h bB -",
        "D         d",
        "d         d",
        "--CFFEEE  -",
        "-H,;,;,G  -",
        "-n,,,,,-AA-",
        "-----------"
      ],
	"flags": [ "ERASE_ALL_BEFORE_PLACING_TERRAIN" ],
      "palettes": [ "backrooms_palette", "backrooms_breakroom_palette" ]
    }
  },
  {
    "type": "mapgen",
    "method": "json",
    "nested_mapgen_id": "mx_backroom_big_breakroom",
    "object": {
      "mapgensize": [ 11, 11 ],
      "rotation": [ 0, 3 ],
      "rows": [
        "-----?-----",
        "-CFE- JJJA-",
        "-n;E-     -",
        "-l,F- hhh -",
        "-H,E-     -",
        "--D--    m-",
        "D         ?",
        "-i$    $  -",
        "-i        -",
        "-jAp   pAj-",
        "-----D-----"
      ],
	"flags": [ "ERASE_ALL_BEFORE_PLACING_TERRAIN" ],
      "palettes": [ "backrooms_palette", "backrooms_breakroom_palette" ]
    }
  },
  {
    "type": "mapgen",
    "method": "json",
    "nested_mapgen_id": "mx_backroom_big_breakroom",
    "object": {
      "mapgensize": [ 11, 11 ],
      "rotation": [ 0, 3 ],
      "rows": [
        "-d-------D-",
        "- -jHnlj- -",
        "- G     G -",
        "- EFECEFE -",
        "?         ?",
        "-   pnp   -",
        "--  ---  --",
        "-A   b    -",
        "-$  bZb $ -",
        "-    b n  -",
        "-----------"
      ],
	"flags": [ "ERASE_ALL_BEFORE_PLACING_TERRAIN" ],
      "palettes": [ "backrooms_palette", "backrooms_breakroom_palette" ]
    }
  },
  {
    "type": "mapgen",
    "method": "json",
    "nested_mapgen_id": "mx_backroom_big_breakroom",
    "object": {
      "mapgensize": [ 11, 11 ],
      "rotation": [ 0, 3 ],
      "rows": [
        "-----------",
        "-$ $ -$ $ -",
        "-    -    -",
        "-    -    -",
        "d         d",
        "-ii nljA  -",
        "--------- -",
        "-ZbEHCFE- -",
        "-Zb,;,,,D -",
        "-ZbnbZZb- -",
        "---------D-"
      ],
	"flags": [ "ERASE_ALL_BEFORE_PLACING_TERRAIN" ],
      "palettes": [ "backrooms_palette", "backrooms_breakroom_palette" ]
    }
  },
  {
    "type": "mapgen",
    "method": "json",
    "nested_mapgen_id": "mx_backroom_big_breakroom",
    "object": {
      "mapgensize": [ 11, 11 ],
      "rotation": [ 0, 3 ],
      "rows": [
        "---------d-",
        "-EEFECEZ  -",
        "- b       -",
        "-   $    j-",
        "D         d",
        "-         -",
        "-  bbbb  p-",
        "- bBBBBb  -",
        "- bBBBBb$ -",
        "-n AA    j-",
        "-----?-----"
      ],
	"flags": [ "ERASE_ALL_BEFORE_PLACING_TERRAIN" ],
      "palettes": [ "backrooms_palette", "backrooms_breakroom_palette" ]
    }
  },
  {
    "type": "mapgen",
    "method": "json",
    "nested_mapgen_id": "mx_backroom_big_breakroom",
    "object": {
      "mapgensize": [ 11, 11 ],
      "rotation": [ 0, 3 ],
      "rows": [
        "-d-------d-",
        "-  A      -",
        "- hhhhhhh -",
        "- h     h -",
        "-   JJJ   -",
        "d   njn   D",
        "-   III   -",
        "- h     h -",
        "- hhhhhhh -",
        "-j     A p-",
        "-----------"
      ],
	"flags": [ "ERASE_ALL_BEFORE_PLACING_TERRAIN" ],
      "palettes": [ "backrooms_palette", "backrooms_breakroom_palette" ]
    }
  },
  {
    "type": "mapgen",
    "method": "json",
    "nested_mapgen_id": "mx_backroom_big_breakroom",
    "object": {
      "mapgensize": [ 11, 11 ],
      "rotation": [ 0, 3 ],
      "rows": [
        "-----d-----",
        "-h     hh -",
        "-h J h II -",
        "-h       n-",
        "-    h   l-",
        "D    Ib  C-",
        "-   hhh  F-",
        "-        E-",
        "- $ A- $  -",
        "-   A-A   -",
        "-d-------d-"
      ],
      "palettes": [ "backrooms_palette", "backrooms_breakroom_palette" ]
    }
  },
  {
    "type": "mapgen",
    "method": "json",
    "nested_mapgen_id": "mx_backroom_big_breakroom",
    "object": {
      "mapgensize": [ 11, 11 ],
      "rotation": [ 0, 3 ],
      "rows": [
        "--d-----?--",
        "-j b n bb -",
        "- bBb bBBb-",
        "-E b   bb -",
        "-E, b  $  -",
        "-F,ZZZb   -",
        "-C;ZZZb$  -",
        "-E,ZZZb  A-",
        "-F, b  ----",
        "d         D",
        "-----d-----"
      ],
	"flags": [ "ERASE_ALL_BEFORE_PLACING_TERRAIN" ],
      "palettes": [ "backrooms_palette", "backrooms_breakroom_palette" ]
    }
  },
  {
    "type": "mapgen",
    "method": "json",
    "nested_mapgen_id": "mx_backroom_big_breakroom",
    "object": {
      "mapgensize": [ 11, 11 ],
      "rotation": [ 0, 3 ],
      "rows": [
        "-----------",
        "-EjEHnHElE-",
        "-E,;,,,;,F-",
        "-EGECCEEFF-",
        "D         D",
        "-bBBb bBBb-",
        "-bBBb bBBb-",
        "-bBBb bBBb-",
        "-bBBb bBBb-",
        "-bBBb bBBb-",
        "-----d-----"
      ],
      "palettes": [ "backrooms_palette", "backrooms_breakroom_palette" ]
    }
  },
  {
    "type": "mapgen",
    "method": "json",
    "nested_mapgen_id": "mx_backroom_big_breakroom",
    "object": {
      "mapgensize": [ 11, 11 ],
      "rotation": [ 0, 3 ],
      "rows": [
        "---?-?-?---",
        "-K,,K,K,,K-",
        "-K;,K,K,;K-",
        "-K;,K,K,;K-",
        "-K,,K,K,,K-",
        "d         d",
        "D         D",
        "-jbBBb   m-",
        "-$ bb   Ih-",
        "-     p hh-",
        "-----?-----"
      ],
	"flags": [ "ERASE_ALL_BEFORE_PLACING_TERRAIN" ],
      "palettes": [ "backrooms_palette", "backrooms_breakroom_palette" ]
    }
  },
  {
    "type": "mapgen",
    "method": "json",
    "nested_mapgen_id": "mx_backroom_big_breakroom",
    "object": {
      "mapgensize": [ 11, 11 ],
      "rotation": [ 0, 3 ],
      "rows": [
        "-----d-----",
        "-j b    EC-",
        "- bBb    E-",
        "- bBb     -",
        "- bBb   $ -",
        "- bBb     -",
        "- bBb   $ -",
        "-  b      -",
        "d         D",
        "-jpnl  bZZ-",
        "-----d-----"
      ],
	"flags": [ "ERASE_ALL_BEFORE_PLACING_TERRAIN" ],
      "palettes": [ "backrooms_palette", "backrooms_breakroom_palette" ]
    }
  },
  {
    "type": "mapgen",
    "method": "json",
    "nested_mapgen_id": "mx_backroom_big_breakroom",
    "object": {
      "mapgensize": [ 8, 8 ],
      "rotation": [ 0, 3 ],
      "rows": [
        "--------",
        "-$ $ $ -",
        "-      -",
        "?      D",
        "?      d",
        "-$ $ $ -",
        "-      -",
        "--------"
      ],
	"flags": [ "ERASE_ALL_BEFORE_PLACING_TERRAIN" ],
      "palettes": [ "backrooms_palette", "backrooms_breakroom_palette" ]
    }
  },
  {
    "type": "mapgen",
    "method": "json",
    "nested_mapgen_id": "mx_backroom_big_breakroom",
    "object": {
      "mapgensize": [ 8, 8 ],
      "rotation": [ 0, 3 ],
      "rows": [
        "--------",
        "-FFHlnj-",
        "-,;,,;,-",
        "-,,,,,,-",
        "-GEEECE-",
        "- bZZb -",
        "D      D",
        "--------"
      ],
	"flags": [ "ERASE_ALL_BEFORE_PLACING_TERRAIN" ],
      "palettes": [ "backrooms_palette", "backrooms_breakroom_palette" ]
    }
  },
  {
    "type": "mapgen",
    "method": "json",
    "nested_mapgen_id": "mx_backroom_big_breakroom",
    "object": {
      "mapgensize": [ 8, 8 ],
      "rotation": [ 0, 3 ],
      "rows": [
        "--------",
        "-$ -BBB-",
        "-  -bbb-",
        "D      D",
        "d      d",
        "-bbb-  -",
        "-ZZZ-AA-",
        "--------"
      ],
	"flags": [ "ERASE_ALL_BEFORE_PLACING_TERRAIN" ],
      "palettes": [ "backrooms_palette", "backrooms_breakroom_palette" ]
    }
  },
  {
    "type": "mapgen",
    "method": "json",
    "nested_mapgen_id": "mx_backroom_big_breakroom",
    "object": {
      "mapgensize": [ 8, 8 ],
      "rotation": [ 0, 3 ],
      "rows": [
        "--------",
        "-     A-",
        "- ---- -",
        "D  $   D",
        "- -  - -",
        "- ---- -",
        "-      -",
        "--------"
      ],
	"flags": [ "ERASE_ALL_BEFORE_PLACING_TERRAIN" ],
      "palettes": [ "backrooms_palette", "backrooms_breakroom_palette" ]
    }
  },
  {
    "type": "mapgen",
    "method": "json",
    "nested_mapgen_id": "mx_backroom_big_breakroom",
    "object": {
      "mapgensize": [ 8, 8 ],
      "rotation": [ 0, 3 ],
      "rows": [
        "--------",
        "d   J h-",
        "-m  J h-",
        "-p  J h-",
        "-p    A-",
        "-n  I h-",
        "D   I h-",
        "--------"
      ],
	"flags": [ "ERASE_ALL_BEFORE_PLACING_TERRAIN" ], 
     "palettes": [ "backrooms_palette", "backrooms_breakroom_palette" ]
    }
  },
  {
    "type": "mapgen",
    "method": "json",
    "nested_mapgen_id": "mx_backroom_big_breakroom",
    "object": {
      "mapgensize": [ 8, 8 ],
      "rotation": [ 0, 3 ],
      "rows": [
        "-D----d-",
        "-   A  -",
        "- KKKK -",
        "?  $   ?",
        "-      -",
        "- KKKK -",
        "-      -",
        "-d----d-"
      ],
	"flags": [ "ERASE_ALL_BEFORE_PLACING_TERRAIN" ],
      "palettes": [ "backrooms_palette", "backrooms_breakroom_palette" ]
    }
  },
  {
    "type": "mapgen",
    "method": "json",
    "nested_mapgen_id": "mx_backroom_big_breakroom",
    "object": {
      "mapgensize": [ 8, 8 ],
      "rotation": [ 0, 3 ],
      "rows": [
        "-d----D-",
        "- gggg -",
        "- BBBB -",
        "-      -",
        "-  b  E-",
        "- bBb C-",
        "- nbAlF-",
        "-d------"
      ],
	"flags": [ "ERASE_ALL_BEFORE_PLACING_TERRAIN" ],
      "palettes": [ "backrooms_palette", "backrooms_breakroom_palette" ]
    }
  },
  {
    "type": "mapgen",
    "method": "json",
    "nested_mapgen_id": "mx_backroom_big_breakroom",
    "object": {
      "mapgensize": [ 8, 8 ],
      "rotation": [ 0, 3 ],
      "rows": [
        "----?---",
        "-jb  EC-",
        "-bZZb E-",
        "-nZZ  F-",
        "- b   H-",
        "-     E-",
        "D  ii  D",
        "--------"
      ],
	"flags": [ "ERASE_ALL_BEFORE_PLACING_TERRAIN" ],
      "palettes": [ "backrooms_palette", "backrooms_breakroom_palette" ]
    }
  },
  {
    "type": "mapgen",
    "method": "json",
    "nested_mapgen_id": "mx_backroom_big_breakroom",
    "object": {
      "mapgensize": [ 8, 8 ],
      "rotation": [ 0, 3 ],
      "rows": [
        "----d---",
        "-hhh JJ-",
        "-hih hh-",
        "d      D",
        "-      -",
        "-$ hihA-",
        "-  hhhn-",
        "--?-----"
      ],
      "palettes": [ "backrooms_palette", "backrooms_breakroom_palette" ]
    }
  },
  {
    "type": "mapgen",
    "method": "json",
    "nested_mapgen_id": "mx_backroom_small_breakroom",
    "object": {
      "mapgensize": [ 4, 4 ],
      "rotation": [ 0, 3 ],
      "rows": [
        "----",
        "D$ -",
        "-  -",
        "----"
      ],
	"flags": [ "ERASE_ALL_BEFORE_PLACING_TERRAIN" ],
      "palettes": [ "backrooms_palette", "backrooms_breakroom_palette" ]
    }
  },
  {
    "type": "mapgen",
    "method": "json",
    "nested_mapgen_id": "mx_backroom_small_breakroom",
    "object": {
      "mapgensize": [ 4, 4 ],
      "rotation": [ 0, 3 ],
      "rows": [
        "----",
        "D  d",
        "-HC-",
        "----"
      ],
	"flags": [ "ERASE_ALL_BEFORE_PLACING_TERRAIN" ],
      "palettes": [ "backrooms_palette", "backrooms_breakroom_palette" ]
    }
  },
  {
    "type": "mapgen",
    "method": "json",
    "nested_mapgen_id": "mx_backroom_small_breakroom",
    "object": {
      "mapgensize": [ 4, 4 ],
      "rotation": [ 0, 3 ],
      "rows": [
        "-d--",
        "D h-",
        "-hh-",
        "----"
      ],
	"flags": [ "ERASE_ALL_BEFORE_PLACING_TERRAIN" ],
      "palettes": [ "backrooms_palette", "backrooms_breakroom_palette" ]
    }
  },
  {
    "type": "mapgen",
    "method": "json",
    "nested_mapgen_id": "mx_backroom_small_breakroom",
    "object": {
      "mapgensize": [ 4, 4 ],
      "rotation": [ 0, 3 ],
      "rows": [
        "-d--",
        "D E-",
        "-EF-",
        "----"
      ],
	"flags": [ "ERASE_ALL_BEFORE_PLACING_TERRAIN" ],
      "palettes": [ "backrooms_palette", "backrooms_breakroom_palette" ]
    }
  },
  {
    "type": "mapgen",
    "method": "json",
    "nested_mapgen_id": "mx_backroom_small_breakroom",
    "object": {
      "mapgensize": [ 4, 4 ],
      "rotation": [ 0, 3 ],
      "rows": [
        "-d--",
        "D B-",
        "-BA-",
        "----"
      ],
	"flags": [ "ERASE_ALL_BEFORE_PLACING_TERRAIN" ],
      "palettes": [ "backrooms_palette", "backrooms_breakroom_palette" ]
    }
  },
  {
    "type": "mapgen",
    "method": "json",
    "nested_mapgen_id": "mx_backroom_small_breakroom",
    "object": {
      "mapgensize": [ 6, 6 ],
      "rotation": [ 0, 3 ],
      "rows": [
        "------",
        "-CEEH-",
        "-E  b-",
        "-F   -",
        "-Zb  d",
        "----D-"
      ],
	"flags": [ "ERASE_ALL_BEFORE_PLACING_TERRAIN" ],
      "palettes": [ "backrooms_palette", "backrooms_breakroom_palette" ]
    }
  },
  {
    "type": "mapgen",
    "method": "json",
    "nested_mapgen_id": "mx_backroom_small_breakroom",
    "object": {
      "mapgensize": [ 6, 6 ],
      "rotation": [ 0, 3 ],
      "rows": [
        "------",
        "-bBBb-",
        "- bb -",
        "-    -",
        "-n  l-",
        "--Dd--"
      ],
	"flags": [ "ERASE_ALL_BEFORE_PLACING_TERRAIN" ],
      "palettes": [ "backrooms_palette", "backrooms_breakroom_palette" ]
    }
  },
  {
    "type": "mapgen",
    "method": "json",
    "nested_mapgen_id": "mx_backroom_small_breakroom",
    "object": {
      "mapgensize": [ 6, 6 ],
      "rotation": [ 0, 3 ],
      "rows": [
        "--d---",
        "D   p-",
        "-   h-",
        "-   h-",
        "-EEFE-",
        "------"
      ],
	"flags": [ "ERASE_ALL_BEFORE_PLACING_TERRAIN" ],
      "palettes": [ "backrooms_palette", "backrooms_breakroom_palette" ]
    }
  },
  {
    "type": "mapgen",
    "method": "json",
    "nested_mapgen_id": "mx_backroom_small_breakroom",
    "object": {
      "mapgensize": [ 6, 6 ],
      "rotation": [ 0, 3 ],
      "rows": [
        "--Dd--",
        "-h  J-",
        "-h  J-",
        "-p  l-",
        "-p  n-",
        "--dd--"
      ],
	"flags": [ "ERASE_ALL_BEFORE_PLACING_TERRAIN" ],
      "palettes": [ "backrooms_palette", "backrooms_breakroom_palette" ]
    }
  },
  {
    "type": "mapgen",
    "method": "json",
    "nested_mapgen_id": "mx_backroom_small_breakroom",
    "object": {
      "mapgensize": [ 6, 6 ],
      "rotation": [ 0, 3 ],
      "rows": [
        "------",
        "-K  K-",
        "-K  K-",
        "-K  K-",
        "D    D",
        "------"
      ],
	"flags": [ "ERASE_ALL_BEFORE_PLACING_TERRAIN" ],
      "palettes": [ "backrooms_palette", "backrooms_breakroom_palette" ]
    }
  },
  {
    "type": "mapgen",
    "method": "json",
    "nested_mapgen_id": "mx_backroom_small_breakroom",
    "object": {
      "mapgensize": [ 6, 6 ],
      "rotation": [ 0, 3 ],
      "rows": [
        "------",
        "-ECEF-",
        "-E  H-",
        "-F  A-",
        "D    D",
        "------"
      ],
	"flags": [ "ERASE_ALL_BEFORE_PLACING_TERRAIN" ],
      "palettes": [ "backrooms_palette", "backrooms_breakroom_palette" ]
    }
  },
  {
    "type": "mapgen",
    "method": "json",
    "nested_mapgen_id": "mx_backroom_small_breakroom",
    "object": {
      "mapgensize": [ 6, 6 ],
      "rotation": [ 0, 3 ],
      "rows": [
        "------",
        "-bB$ -",
        "-bB  -",
        "-   n-",
        "D    D",
        "------"
      ],
	"flags": [ "ERASE_ALL_BEFORE_PLACING_TERRAIN" ],
      "palettes": [ "backrooms_palette", "backrooms_breakroom_palette" ]
    }
  }
]