[
  {"type": "COMESTIBLE",
    "id": "almond_water",
    "looks_like": "milk",
    "name": { "str": "almond water" },
    "weight": "258 g",
    "color": "white",
    "container": "backrooms_thermos",
    "comestible_type": "DRINK",
    "symbol": "~",
    "quench": 55,
    "calories": 150,
    "description": "Object 1, better known as Almond Water, is a very useful object that can be obtained on most levels of the Backrooms. Drinking one whole bottle of Almond Water provides the same nutritional value as a healthy, 600-calorie meal. Almond Water is a very easy way to obtain sustenance and maintain physical health.",
    "price": 40,
    "price_postapoc": 50,
    "material": [ "water", "nut" ],
    "volume": "250 ml",
    "phase": "liquid",
    "vitamins": [ [ "calcium", 50 ],[ "vitC", 70 ], [ "iron", 20 ] ],
    "flags": [ "EATEN_COLD" ],
    "fun": 1}
]
