[
	{
	"id": "mon_skin_stealer",
    "type": "MONSTER",
    "name": { "str": "Skin-stealer" },
    "description": "Skin-Stealers, are large humanoid entities that can wear the skin of their victims as a disguise. They eat human flesh when in a hunger state, and otherwise roam if they do not need to eat. Their blood is translucent, and they can mimic human speech. They are most commonly found on the first 4 levels but have been reported in other levels.",
    "default_faction": "entities",
    "categories": [ "ENTITIE" ],
    "species": [ "ENTITIE" ],
    "volume": "62500 ml",
    "weight": "110 kg",
    "hp": 50000,
    "speed": 110,
    "material": [ "flesh" ],
    "symbol": "S",
    "color": "red",
    "aggression": 100,
    "morale": 30,
    "aggro_character": true,
    "melee_skill": 6,
    "melee_dice": 4,
    "melee_dice_sides": 6,
    "melee_damage": [ { "damage_type": "cut", "amount": 90 } ],
	"special_attacks": [ [ "PARROT", 1000 ], [ "SHRIEK_ALERT", 5 ] ], 
    "dodge": 3,
    "vision_day": 100,
    "vision_night": 100,
    "path_settings": { "allow_open_doors": true },
    "anger_triggers": [ "PLAYER_CLOSE", "SOUND", "STALK" ],
    "fear_triggers": [ "FIRE" ],
    "flags": [ "SEES", "HEARS", "WARM", "KEENNOSE", "SMELLS", "CAN_OPEN_DOORS","ARTHROPOD_BLOOD","GRABS", "GOODHEARING" ]
	}
]
